Gender,Driver_licence,Motor_licence,Bike,Skate,Hsize,Vehicles,Income,Mode,Time,Convenience,Cost,Safety,Environment,Health,Weather,Parking,Distance,Geodesic_distance,Age_20 and less,Age_21 - 30,Age_31 -40,Age_41 - 50,Age_51 and more,Depart_time_06.00 - 09.00,Depart_time_09.00 - 12.00,Depart_time_12.00 - 15.00,Depart_time_Other
0,0,0,0,0,4,3,750,1,60,1,3,2,4,5,3,4,8.0,7.157181873219889,0,1,0,0,0,0,1,0,0
0,0,0,0,0,3,1,750,1,40,4,4,4,2,2,2,3,7.6,13.814557567299873,0,1,0,0,0,1,0,0,0
1,0,0,0,0,3,1,250,1,35,4,5,3,2,1,4,2,6.6,6.063514798510992,0,1,0,0,0,1,0,0,0
1,1,1,0,0,4,4,750,0,6,5,3,3,3,3,5,3,0.35,0.35,0,1,0,0,0,1,0,0,0
0,1,0,0,0,3,2,750,0,46,5,5,5,2,3,5,5,19.6,15.334967783563117,0,1,0,0,0,1,0,0,0
1,0,0,0,0,4,1,750,2,5,5,5,5,5,4,5,1,0.4,0.3008147088199932,0,1,0,0,0,0,1,0,0
0,1,0,0,0,3,3,2250,0,18,4,3,5,4,4,5,5,5.4,5.4,0,1,0,0,0,0,1,0,0
1,1,0,0,0,2,2,750,0,7,5,3,5,3,3,5,5,2.5,2.5,0,1,0,0,0,0,1,0,0
0,1,1,1,0,4,4,750,0,3,3,2,4,3,1,3,3,0.9,0.9,0,1,0,0,0,0,1,0,0
1,1,0,0,0,2,1,750,1,46,5,4,4,3,3,4,5,12.1,10.580625618800775,0,1,0,0,0,1,0,0,0
0,1,0,0,0,4,2,1250,0,33,5,3,3,2,2,2,4,11.2,8.081147735997094,0,0,0,0,1,1,0,0,0
1,1,0,0,0,4,1,250,2,12,3,4,3,3,5,4,2,0.95,0.8024751211233501,0,0,0,1,0,0,1,0,0
1,0,1,0,0,4,1,750,2,10,5,4,4,3,4,5,4,0.7,0.5534623918476886,0,1,0,0,0,1,0,0,0
0,1,0,0,0,2,1,750,0,14,4,4,4,4,5,4,5,3.5,2.649491773269972,0,1,0,0,0,1,0,0,0
0,1,0,0,0,3,2,1250,0,36,3,3,4,3,1,1,5,10.4,10.4,0,0,1,0,0,0,0,1,0
0,1,0,0,0,1,1,1750,0,36,1,2,2,2,2,3,1,29.2,29.2,0,1,0,0,0,1,0,0,0
0,1,0,0,0,3,1,1250,0,6,5,2,5,4,3,5,4,1.4,0.9425881491422317,0,1,0,0,0,0,1,0,0
0,1,0,0,0,4,2,250,1,36,3,4,3,2,2,2,2,6.4,5.252254798734317,0,1,0,0,0,0,1,0,0
0,1,0,0,0,3,2,2250,0,45,1,5,5,5,5,5,5,38.1,25.5483705531291,0,1,0,0,0,1,0,0,0
0,1,0,0,0,2,1,750,0,22,3,3,2,1,3,3,1,7.0,6.214689305777537,0,0,1,0,0,0,1,0,0
0,1,1,0,0,2,1,750,0,17,3,2,3,3,2,3,5,10.2,4.740111512925962,0,0,0,1,0,1,0,0,0
1,0,0,0,0,5,1,750,2,28,2,1,3,2,5,4,1,2.1,1.4629285375546854,0,1,0,0,0,0,0,0,1
0,1,0,0,0,5,3,1250,0,10,5,5,5,2,3,4,4,7.5,5.758739691686749,0,0,1,0,0,1,0,0,0
0,1,0,1,0,3,2,750,0,16,5,3,5,4,3,5,5,5.8,4.616438863167807,0,1,0,0,0,1,0,0,0
1,1,0,0,0,3,2,750,0,5,5,5,5,3,3,5,3,7.2,7.2,0,1,0,0,0,0,0,0,1
0,1,0,0,0,2,2,1750,0,19,3,1,4,3,1,3,5,20.6,20.6,0,1,0,0,0,1,0,0,0
1,1,0,0,0,3,2,750,0,26,5,3,4,3,1,5,5,7.9,6.074075538981165,0,0,1,0,0,0,1,0,0
1,1,0,0,0,2,1,1250,0,25,5,5,5,2,1,5,5,7.5,5.903061291700021,0,0,1,0,0,0,1,0,0
1,0,0,0,0,4,1,250,1,21,4,4,4,2,2,3,2,4.3,4.018718029824229,0,1,0,0,0,0,1,0,0
1,1,0,0,0,2,2,1250,0,12,5,4,5,1,1,5,5,6.4,4.373534921722513,0,0,1,0,0,0,0,1,0
1,1,0,0,0,3,2,750,0,22,4,3,3,2,3,3,4,15.7,11.318449588892586,0,0,1,0,0,0,0,1,0
1,1,0,0,0,6,1,1250,1,28,5,5,5,3,3,5,3,2.2,2.2,0,1,0,0,0,0,0,0,1
0,1,1,0,0,2,3,1250,0,34,4,5,5,4,1,4,4,18.4,18.4,0,0,0,1,0,1,0,0,0
1,1,0,1,0,8,3,1250,0,26,3,5,5,5,5,5,5,8.7,6.808129513827671,0,1,0,0,0,1,0,0,0
1,1,0,1,0,4,4,1250,0,22,4,4,4,4,4,4,4,15.4,15.4,0,1,0,0,0,0,1,0,0
1,1,1,0,0,4,2,1250,0,25,2,3,2,3,3,3,2,15.9,15.9,0,0,0,0,1,0,1,0,0
1,0,0,0,0,2,1,750,1,50,3,3,3,3,3,3,3,7.0,7.0,0,1,0,0,0,0,1,0,0
0,1,0,0,0,4,2,1250,0,20,3,3,3,4,4,3,2,18.0,18.0,0,0,0,0,1,1,0,0,0
0,1,0,0,0,2,2,1750,0,20,5,4,4,2,1,2,5,15.2,15.2,0,0,1,0,0,1,0,0,0
1,1,0,0,0,2,2,750,0,27,4,2,4,2,2,2,3,7.6,7.6,0,0,0,1,0,0,1,0,0
0,1,1,0,0,2,2,1250,0,5,3,3,4,2,2,4,4,1.9,0.39628121424344537,0,0,0,1,0,0,1,0,0
1,0,0,0,0,4,2,1250,1,12,4,2,4,5,5,4,4,1.6,0.901343091626738,1,0,0,0,0,0,0,0,1
1,1,0,0,0,4,2,2250,0,33,4,3,3,3,2,3,2,21.5,21.5,0,1,0,0,0,0,0,0,1
0,1,0,0,0,3,2,1250,0,22,5,4,5,2,2,5,5,16.3,12.021038145519316,0,1,0,0,0,1,0,0,0
0,1,0,0,0,5,2,1250,0,30,5,5,5,3,3,5,4,22.5,22.5,0,0,0,1,0,1,0,0,0
1,1,0,0,0,4,2,250,0,25,1,5,1,1,1,1,1,14.0,11.692057014000715,0,0,0,1,0,0,1,0,0
1,1,0,0,0,5,2,750,0,30,5,5,5,3,4,5,5,25.2,25.2,0,0,1,0,0,1,0,0,0
1,1,0,0,0,3,3,750,0,18,1,5,2,2,3,1,1,15.2,15.2,0,0,1,0,0,0,1,0,0
1,1,0,0,0,2,3,1250,0,10,5,2,5,2,1,4,2,2.8,2.8,0,1,0,0,0,1,0,0,0
0,1,1,1,0,4,5,1250,0,11,3,3,3,4,4,5,3,7.4,7.4,0,1,0,0,0,0,1,0,0
0,1,1,0,0,4,2,2250,0,13,5,1,5,5,3,5,5,4.0,3.1927454764255514,0,0,0,1,0,1,0,0,0
0,1,1,1,0,5,3,2250,2,22,3,2,5,2,1,4,5,1.6,8.339450733117879,0,0,0,0,1,1,0,0,0
0,1,1,0,0,3,3,2250,0,5,5,5,3,5,1,1,5,2.0,2.0,0,0,0,1,0,0,0,0,1
0,1,0,0,0,4,1,1250,0,9,3,3,3,3,3,3,1,1.7,1.7,0,0,1,0,0,0,1,0,0
0,1,1,0,0,4,4,1250,0,27,4,5,3,1,1,5,3,23.4,23.4,0,0,0,1,0,1,0,0,0
0,1,1,0,0,2,3,750,0,20,2,2,2,1,3,4,5,15.5,15.5,0,1,0,0,0,0,1,0,0
0,1,0,0,0,4,3,1750,0,20,5,2,4,1,3,5,2,5.0,5.0,0,1,0,0,0,0,1,0,0
1,1,0,0,0,3,2,1250,0,26,5,4,4,3,3,5,4,17.5,17.43211154389426,0,0,1,0,0,1,0,0,0
1,1,0,0,0,2,2,750,0,8,5,4,5,3,2,5,5,3.4,1.996302090287227,0,0,1,0,0,1,0,0,0
1,1,0,0,0,5,4,750,0,3,4,4,3,2,3,4,5,1.0,0.32304338059250987,0,1,0,0,0,1,0,0,0
0,1,0,0,0,3,1,1250,1,17,1,1,4,3,5,4,5,3.2,2.2765769556443995,0,1,0,0,0,0,0,1,0
1,0,0,1,0,4,1,250,1,22,3,5,4,4,3,4,5,3.8,5.30434003977699,1,0,0,0,0,0,1,0,0
1,0,0,0,0,1,0,750,2,17,4,5,4,3,4,5,3,1.3,0.961240017709099,0,1,0,0,0,0,0,1,0
0,1,0,0,0,1,1,1250,0,8,4,5,5,5,4,5,5,2.9,2.352753301598148,0,0,0,0,1,0,1,0,0
1,0,0,0,0,3,2,750,1,21,3,1,2,3,1,3,1,2.3,2.3,0,1,0,0,0,0,0,0,1
1,1,0,0,0,4,1,250,1,38,3,4,3,2,2,3,3,6.1,4.808650327854548,0,1,0,0,0,0,0,1,0
1,0,0,0,0,4,1,750,1,13,3,4,4,3,3,2,3,2.8,2.8,0,1,0,0,0,0,0,1,0
1,0,0,0,0,4,3,250,1,33,5,4,5,5,5,2,1,5.0,3.9761555012816263,0,1,0,0,0,0,1,0,0
0,1,1,0,0,3,3,750,0,15,3,5,3,3,2,4,3,8.1,8.1,0,1,0,0,0,0,1,0,0
1,1,0,0,0,4,1,250,2,19,3,4,3,2,4,5,1,1.4,1.4,0,1,0,0,0,0,0,1,0
0,1,1,1,0,4,3,250,0,20,3,2,2,4,1,1,5,6.1,5.2590812535453715,1,0,0,0,0,0,0,0,1
0,0,0,0,0,4,1,250,1,37,4,1,1,1,2,3,3,6.7,5.230104213602552,1,0,0,0,0,0,1,0,0
1,0,0,0,0,2,1,750,1,51,4,4,4,4,3,3,4,7.1,7.1,0,0,0,1,0,1,0,0,0
0,1,1,0,0,3,1,750,1,32,3,4,4,4,4,4,2,6.7,4.863510047512133,0,1,0,0,0,0,1,0,0
0,1,1,0,0,5,5,750,0,26,4,3,4,4,4,3,5,21.8,21.8,0,1,0,0,0,0,0,0,1
0,1,0,0,0,4,1,250,2,15,4,5,3,2,3,2,3,1.1,1.1,0,1,0,0,0,0,0,1,0
1,1,0,0,0,5,2,2250,0,23,4,3,4,2,3,3,4,11.3,16.103053390089304,0,0,0,1,0,1,0,0,0
1,1,0,0,0,5,1,750,1,60,4,3,5,5,4,4,5,9.2,5.590464796951571,0,0,0,1,0,1,0,0,0
0,1,1,0,0,1,1,750,0,26,3,4,2,3,5,3,4,22.5,22.5,0,1,0,0,0,1,0,0,0
0,0,0,1,0,6,2,250,1,60,3,5,4,3,4,5,4,15.8,8.511006214503855,0,1,0,0,0,0,1,0,0
0,0,0,1,0,5,2,250,2,35,4,1,4,3,5,4,5,2.5,6.292682291099324,0,1,0,0,0,0,1,0,0
0,1,0,0,0,4,2,1250,0,8,5,4,5,4,4,4,4,2.3,5.5635347043958765,0,0,0,0,1,1,0,0,0
1,1,0,0,0,4,2,750,0,10,5,4,5,4,4,4,4,2.5,5.5635347043958765,0,0,0,1,0,1,0,0,0
1,0,0,0,0,3,1,1750,1,60,2,2,4,4,4,4,5,10.2,8.928207376868052,0,0,0,0,1,1,0,0,0
1,0,0,0,0,3,1,750,2,12,4,3,3,2,5,4,1,0.95,0.95,0,1,0,0,0,0,0,0,1
0,1,0,0,0,2,1,750,1,14,2,5,3,1,2,2,4,2.0,0.9340620692382584,0,0,1,0,0,0,1,0,0
1,1,0,0,0,4,2,750,2,9,4,4,3,2,4,4,4,0.8,0.8,0,1,0,0,0,0,0,0,1
1,0,0,0,0,2,0,250,1,16,4,4,3,2,2,3,2,2.8,2.8,1,0,0,0,0,0,1,0,0
1,1,0,0,0,3,2,750,0,23,5,3,5,3,5,3,5,11.9,10.016978483241086,0,1,0,0,0,0,0,1,0
1,1,1,0,0,4,2,1750,0,30,5,2,4,2,2,3,5,8.7,6.528938289031626,0,0,1,0,0,1,0,0,0
0,1,1,0,0,4,2,1250,1,32,2,5,2,2,2,2,5,6.8,6.8,0,0,1,0,0,1,0,0,0
1,1,0,0,0,4,1,1250,0,23,5,3,5,3,3,5,5,8.8,6.485612062081486,0,0,1,0,0,1,0,0,0
0,1,0,0,0,3,1,750,1,20,3,5,3,3,3,3,5,3.4,2.615721655550872,0,0,0,1,0,0,1,0,0
1,0,0,0,0,1,0,750,2,6,5,5,3,5,5,3,5,0.7,0.62685831000514,0,0,1,0,0,0,1,0,0
1,0,0,0,0,6,2,1750,1,20,2,4,3,1,4,3,1,3.0,2.1525701769749483,0,1,0,0,0,0,1,0,0
0,1,0,0,0,5,1,1250,0,20,3,4,4,5,4,5,5,5.4,10.458524812211463,0,0,0,1,0,1,0,0,0
1,1,0,0,0,5,1,1250,2,18,3,5,4,5,5,3,1,1.4,0.7554019867310638,0,0,0,1,0,0,1,0,0
0,1,0,0,0,5,1,250,1,54,2,4,3,3,2,4,1,13.6,10.303178299887353,1,0,0,0,0,0,1,0,0
0,0,0,0,0,8,2,250,1,60,1,3,2,2,5,3,1,15.9,7.6318552457126625,1,0,0,0,0,0,0,0,1
0,1,0,0,0,2,2,1250,0,25,4,5,5,5,5,3,3,15.9,11.645334114205248,0,0,1,0,0,1,0,0,0
0,1,0,0,0,2,2,750,0,26,3,3,3,3,3,3,3,21.2,21.2,0,1,0,0,0,1,0,0,0
0,0,0,1,0,4,1,1750,1,37,2,5,3,3,3,3,1,7.9,7.9,1,0,0,0,0,1,0,0,0
0,1,1,1,0,4,2,1250,0,26,5,2,3,2,1,4,5,24.4,24.4,0,0,0,1,0,0,1,0,0
0,1,0,0,0,4,2,1250,0,19,4,4,4,4,4,4,4,12.1,5.352456209138599,0,0,0,1,0,1,0,0,0
0,1,0,0,0,1,1,750,0,23,3,5,4,2,4,4,5,16.6,16.6,0,1,0,0,0,0,0,0,1
0,0,0,1,0,4,1,250,1,40,1,5,5,4,3,4,1,6.8,5.74296888656566,0,1,0,0,0,0,1,0,0
0,1,0,0,0,4,2,2250,0,18,2,2,2,4,5,2,2,15.9,15.9,0,0,0,1,0,1,0,0,0
0,1,0,0,0,3,1,1250,2,4,5,5,3,3,4,5,5,0.7,0.37165067114327244,0,0,1,0,0,1,0,0,0
1,1,0,0,0,4,2,1250,2,13,5,5,4,4,4,5,5,1.0,0.8199191316708732,0,0,0,1,0,0,1,0,0
0,1,1,0,0,3,2,1250,0,20,5,5,4,4,4,3,5,14.4,14.4,0,0,1,0,0,0,1,0,0
1,1,0,1,0,2,1,750,2,8,5,4,2,2,4,4,2,0.8,0.5001404667028203,0,1,0,0,0,0,0,0,1
1,1,0,0,0,5,2,2250,1,27,1,3,1,2,1,3,1,5.5,4.678323010974615,0,0,0,1,0,1,0,0,0
1,1,1,0,0,3,1,750,0,21,5,5,5,5,5,5,5,5.2,19.669144335347696,0,0,1,0,0,1,0,0,0
1,0,0,0,0,5,2,250,2,5,5,5,5,3,3,5,3,0.7,0.6209829926435783,1,0,0,0,0,1,0,0,0
1,1,1,0,0,5,2,1750,0,3,4,3,4,3,4,4,3,1.1,1.1,0,0,0,0,1,0,0,1,0
1,1,0,0,0,7,3,1750,2,8,4,5,5,5,4,4,5,0.85,0.85,0,0,0,0,1,1,0,0,0
1,0,0,0,0,5,2,250,1,32,1,5,3,1,4,3,2,4.5,3.6329642730716394,1,0,0,0,0,1,0,0,0
0,1,0,1,0,4,2,750,1,46,4,4,4,4,5,5,4,8.7,6.970716243778073,0,0,0,0,1,1,0,0,0
1,0,0,1,0,4,1,1250,1,60,2,3,3,3,2,3,4,21.2,21.2,1,0,0,0,0,0,0,1,0
0,1,1,1,0,6,1,1750,2,7,3,3,3,5,5,3,3,0.75,0.75,0,0,0,0,1,1,0,0,0
0,1,1,0,0,5,2,2250,0,21,5,1,3,3,1,5,1,10.5,5.254562648975884,0,0,0,1,0,1,0,0,0
0,1,0,0,0,4,2,1250,0,28,5,5,5,3,3,4,5,12.3,12.3,0,0,0,1,0,1,0,0,0
1,1,0,0,0,5,1,750,2,7,4,5,4,4,5,5,5,0.7,0.7,0,0,0,0,1,1,0,0,0
1,1,1,1,0,4,2,1250,0,22,2,1,2,2,2,1,1,5.5,19.478440038637412,0,0,0,1,0,1,0,0,0
1,1,0,0,0,4,1,1250,0,11,4,5,5,4,3,4,4,3.7,3.7,0,0,0,1,0,0,1,0,0
1,1,0,0,0,5,2,250,0,19,4,2,2,2,2,5,5,13.6,13.6,0,0,1,0,0,1,0,0,0
0,1,1,1,0,4,4,1250,0,14,5,5,3,4,1,1,5,4.3,3.9277312885165183,0,0,0,0,1,0,1,0,0
0,1,0,1,0,4,2,750,0,23,5,5,5,2,3,5,5,22.3,12.084245900952395,0,1,0,0,0,1,0,0,0
0,1,1,0,0,4,2,1250,0,22,5,3,5,1,1,5,5,8.9,9.081468600841301,0,0,0,1,0,1,0,0,0
1,1,0,0,0,4,1,250,0,14,4,4,4,5,3,3,4,8.3,4.795863363414519,0,0,0,0,1,0,0,0,1
1,1,0,0,0,5,2,250,2,17,2,2,3,3,4,4,3,1.3,24.267711772753366,0,1,0,0,0,0,1,0,0
1,0,0,0,0,4,2,250,1,17,4,4,4,4,4,5,2,4.1,3.250824506430651,0,1,0,0,0,0,0,1,0
1,0,0,0,0,5,4,250,1,23,5,4,4,3,3,4,3,4.3,5.80189119496575,0,1,0,0,0,0,0,1,0
0,1,1,1,0,4,3,750,0,6,1,5,3,1,1,5,5,1.1,0.15907675423169193,0,1,0,0,0,0,1,0,0
0,1,0,1,0,3,1,750,2,14,4,4,3,2,4,5,3,1.1,0.9138298662415749,0,0,1,0,0,0,1,0,0
1,1,0,1,0,4,1,1250,1,27,4,2,2,3,2,3,3,3.0,3.0,0,1,0,0,0,0,0,0,1
1,1,0,0,0,4,3,750,2,45,3,4,4,4,4,4,4,3.2,2.8021374579502853,0,1,0,0,0,1,0,0,0
1,1,0,0,0,2,1,1250,1,16,4,4,3,2,2,4,3,2.6,1.515450517372273,0,1,0,0,0,1,0,0,0
0,0,1,1,0,1,0,750,1,46,3,5,3,3,2,4,2,6.6,1.170550880713292,1,0,0,0,0,0,0,0,1
0,1,0,1,0,5,2,750,2,22,3,5,3,4,4,4,2,1.6,1.555756974666272,0,1,0,0,0,0,0,1,0
1,0,0,0,0,2,1,750,1,27,2,1,2,4,2,2,2,3.3,3.3,1,0,0,0,0,0,0,1,0
1,1,0,1,0,4,1,250,1,28,4,4,4,4,4,4,1,4.6,3.843730860216829,0,1,0,0,0,0,0,1,0
0,1,1,0,0,6,1,1250,0,8,4,4,4,4,4,4,5,2.1,1.1835663741333402,0,0,0,1,0,0,1,0,0
1,1,0,0,0,4,2,1750,0,30,4,4,4,4,4,4,4,28.5,28.5,0,0,0,0,1,1,0,0,0
1,1,0,0,0,1,1,250,0,15,5,3,1,1,1,3,1,5.4,4.0419226009015725,0,0,1,0,0,1,0,0,0
1,1,0,0,0,3,1,250,0,28,5,5,4,2,3,3,3,20.1,14.743829560356758,0,0,0,1,0,0,0,0,1
0,1,0,0,0,3,1,1250,1,25,3,5,4,2,2,2,2,2.7,2.5065031369214217,0,0,1,0,0,0,0,0,1
1,0,0,1,0,5,2,750,1,20,4,4,3,1,2,3,3,2.8,2.8,0,1,0,0,0,1,0,0,0
1,1,0,1,0,4,2,750,2,19,3,4,3,2,4,4,4,1.3,0.8455166884288638,0,0,1,0,0,0,0,1,0
1,0,0,1,0,4,1,250,2,23,4,4,3,2,3,4,2,1.6,1.3322094755836755,0,1,0,0,0,1,0,0,0
1,1,0,0,0,3,2,750,1,36,4,4,3,3,3,3,4,6.8,6.8,0,1,0,0,0,0,1,0,0
0,0,1,0,0,2,1,250,2,23,4,4,4,2,4,4,3,1.6,1.1314476341106972,0,1,0,0,0,0,1,0,0
1,1,0,0,0,4,1,750,1,43,2,3,4,3,2,3,4,9.3,5.836490265683568,0,0,1,0,0,0,0,1,0
1,1,1,0,0,4,1,250,0,15,4,5,3,3,2,4,4,11.4,7.879031208842414,0,0,1,0,0,0,1,0,0
1,0,0,0,0,4,2,1250,1,38,4,5,4,2,2,2,2,6.3,6.3,0,0,1,0,0,1,0,0,0
0,1,0,1,0,5,2,750,2,26,3,3,3,2,4,4,2,1.8,1.8,0,1,0,0,0,0,0,0,1
1,1,0,0,0,3,1,750,1,24,4,4,2,2,2,2,2,4.3,4.3,0,1,0,0,0,0,0,1,0
0,1,0,0,0,4,1,1250,1,30,4,4,3,3,2,4,4,4.0,3.083720111946595,0,0,1,0,0,1,0,0,0
1,1,0,1,0,3,1,750,2,19,4,3,3,3,3,4,3,1.4,1.4,0,1,0,0,0,0,0,0,1
0,1,0,0,0,5,2,750,0,23,5,3,2,2,2,1,2,6.3,6.3,0,0,0,0,1,1,0,0,0
0,0,0,1,0,4,2,250,2,23,4,3,4,2,4,4,3,1.6,1.6,1,0,0,0,0,1,0,0,0
0,1,0,0,0,4,1,1250,1,22,2,4,3,2,2,2,4,3.5,2.572106554897473,0,0,1,0,0,1,0,0,0
1,1,0,0,0,3,1,1250,1,27,2,3,3,3,2,3,4,5.1,3.879182414264897,0,0,0,1,0,1,0,0,0
1,1,0,0,0,9,3,2250,0,37,2,2,3,2,4,1,1,20.6,14.335054872040782,0,0,0,0,1,0,1,0,0
0,1,1,0,0,4,2,750,2,30,2,5,5,5,3,5,5,1.9,1.9,0,0,0,1,0,1,0,0,0
1,1,0,0,0,3,0,250,1,16,1,1,1,1,3,3,1,3.0,1.8523953713665902,0,0,1,0,0,0,1,0,0
1,1,0,0,0,4,2,250,1,17,2,4,2,4,5,2,1,1.7,1.7,0,1,0,0,0,0,1,0,0
1,1,0,0,0,3,1,1250,1,39,2,3,4,1,4,2,3,7.6,7.6,0,0,0,1,0,1,0,0,0
0,1,0,1,0,6,3,250,1,60,2,4,2,2,1,4,5,33.8,18.014011547135564,0,1,0,0,0,1,0,0,0
1,1,0,0,0,2,0,750,2,11,5,1,5,1,5,5,1,0.8,0.8,0,0,0,0,1,1,0,0,0
0,1,0,0,0,4,2,1750,0,20,4,4,4,3,3,5,4,6.9,5.789426061470329,0,0,0,0,1,1,0,0,0
0,1,0,0,0,4,1,750,2,10,2,3,2,2,2,3,4,0.7,0.4851770211580766,0,0,0,1,0,1,0,0,0
0,1,1,1,0,3,2,1250,0,29,4,5,5,4,5,4,5,7.6,7.6,0,0,0,1,0,0,1,0,0
1,1,0,0,0,4,1,250,1,47,3,3,3,5,3,3,3,8.3,6.469052399950164,0,1,0,0,0,0,1,0,0
1,1,0,0,0,5,2,250,0,17,4,4,4,4,4,4,5,5.0,3.3085048212507595,0,0,0,1,0,0,1,0,0
0,1,1,0,0,4,4,750,0,27,3,3,4,4,4,4,3,11.9,9.082905695447563,0,1,0,0,0,1,0,0,0
0,1,1,1,0,4,3,1250,0,10,4,5,2,4,3,1,5,3.5,2.9889324466432834,0,0,0,0,1,1,0,0,0
1,1,0,0,0,4,2,750,0,28,5,4,3,2,2,2,4,22.8,22.8,0,1,0,0,0,0,0,0,1
0,1,0,0,0,5,3,750,1,36,3,4,4,3,3,5,5,7.5,5.447427718047305,0,1,0,0,0,0,0,1,0
1,1,1,0,0,1,1,750,0,27,1,1,3,3,4,3,3,19.2,16.87203081761888,0,0,0,0,1,1,0,0,0
1,1,0,0,0,4,2,2250,0,15,5,4,5,4,3,5,5,7.5,5.447427718047305,0,0,0,1,0,1,0,0,0
1,1,0,0,0,3,2,750,0,12,1,1,1,1,1,2,1,2.7,8.504038374791497,0,0,1,0,0,1,0,0,0
1,1,0,0,0,3,1,750,2,33,3,4,3,2,4,4,3,2.2,1.8929676230440433,0,1,0,0,0,1,0,0,0
0,1,0,0,0,2,1,1250,1,21,4,3,4,2,2,2,2,2.6,2.1005069784249177,0,1,0,0,0,0,1,0,0
0,0,0,0,0,2,0,750,1,22,1,4,5,3,5,4,3,3.7,3.7,0,1,0,0,0,0,1,0,0
1,1,0,0,0,2,1,1750,0,21,5,5,5,5,5,5,5,11.9,8.701847969100445,0,0,0,0,1,1,0,0,0
1,1,0,0,0,4,2,1250,0,30,1,1,2,1,3,3,1,22.9,22.9,0,0,0,1,0,0,1,0,0
1,0,0,0,0,5,2,250,2,11,5,5,5,3,3,5,5,0.9,0.9,0,1,0,0,0,0,0,0,1
1,1,0,0,0,5,1,750,2,20,4,5,5,5,5,3,3,1.5,1.2221720214984348,0,1,0,0,0,0,0,1,0
1,1,0,0,0,4,2,1750,0,13,5,1,5,4,1,1,5,5.2,5.2,0,0,0,1,0,1,0,0,0
1,1,1,0,0,4,2,750,0,25,1,5,5,1,1,5,5,8.3,8.3,0,0,1,0,0,1,0,0,0
1,1,0,0,0,4,2,250,2,13,2,4,4,3,3,4,3,0.9,0.4288550743476072,1,0,0,0,0,0,0,1,0
0,1,1,0,0,3,1,1250,0,20,4,4,4,4,3,3,5,10.8,7.173755097043747,0,1,0,0,0,1,0,0,0
1,1,1,0,0,3,1,750,0,31,2,2,2,2,3,3,4,28.2,21.269362631314102,0,0,1,0,0,1,0,0,0
1,1,0,0,0,4,5,750,0,20,1,1,1,1,1,3,1,5.6,4.109669123350676,0,0,1,0,0,1,0,0,0
0,0,0,0,1,4,1,750,2,11,4,4,3,2,2,2,2,0.9,0.9,0,1,0,0,0,0,0,0,1
1,1,0,0,0,4,1,750,2,10,4,4,3,3,3,3,3,0.75,0.4843173233291081,0,1,0,0,0,0,0,0,1
0,1,0,1,0,5,2,1250,0,26,4,4,5,4,4,4,4,13.4,13.4,0,0,1,0,0,1,0,0,0
0,1,0,0,0,2,0,750,2,14,4,5,4,1,2,5,4,1.0,0.8863349187138837,0,1,0,0,0,0,1,0,0
0,1,0,1,0,5,1,750,1,34,4,3,3,1,1,3,3,6.9,5.28156419668505,0,1,0,0,0,1,0,0,0
1,1,0,0,0,4,2,750,0,10,5,4,4,2,2,4,5,3.0,3.0,0,0,0,1,0,1,0,0,0
0,0,0,1,0,2,1,750,2,20,4,3,2,2,4,4,2,1.4,1.3734832918467226,0,1,0,0,0,0,0,1,0
1,0,1,0,0,4,1,750,2,32,5,5,3,2,4,5,3,2.4,2.078161527005018,0,1,0,0,0,1,0,0,0
0,1,0,1,0,2,1,1250,2,5,5,5,5,5,5,5,5,0.7,0.7,0,0,1,0,0,0,0,1,0
0,1,0,1,1,1,1,750,2,6,4,5,5,5,5,5,1,0.8,5.025971482473481,0,1,0,0,0,0,1,0,0
1,0,0,0,0,2,1,750,2,14,3,4,5,4,4,5,5,1.0,2.6818580922915,0,0,1,0,0,0,1,0,0
1,1,0,0,0,3,2,1250,2,9,5,5,5,5,5,5,5,0.9,3.6885834475245294,0,0,0,1,0,0,1,0,0
0,1,1,0,0,2,2,750,0,20,4,2,4,4,3,5,2,5.8,5.365040740049745,0,0,1,0,0,0,1,0,0
1,1,1,1,0,3,2,750,0,22,4,2,2,2,3,3,1,19.0,19.0,0,0,0,0,1,1,0,0,0
0,1,0,0,0,4,1,250,1,51,4,4,4,3,4,4,5,6.5,4.672523850859542,0,1,0,0,0,0,1,0,0
0,1,0,0,0,4,1,250,1,12,4,5,4,4,4,3,5,2.6,2.6,0,1,0,0,0,1,0,0,0
1,0,0,0,0,5,1,250,2,14,3,2,3,3,3,4,3,1.0,0.7076590451265724,0,1,0,0,0,0,0,0,1
0,1,0,0,0,5,2,2250,0,37,4,3,4,4,3,4,3,14.8,14.8,0,0,0,1,0,1,0,0,0
0,0,0,0,0,4,1,750,1,29,4,5,5,4,3,4,5,5.9,5.9,0,0,1,0,0,0,0,1,0
0,1,0,0,0,2,0,750,1,12,3,5,5,3,5,5,5,1.8,1.8,0,1,0,0,0,0,0,1,0
0,1,0,0,0,4,1,750,1,22,2,5,4,1,3,4,5,3.6,6.720525210949763,0,1,0,0,0,0,0,1,0
1,0,0,0,0,8,2,1250,2,13,5,5,3,4,2,5,5,1.0,0.6079176555324247,0,1,0,0,0,0,0,1,0
1,1,0,0,0,6,2,750,0,33,5,5,3,1,1,5,5,25.4,18.646800533075222,0,1,0,0,0,0,0,1,0
0,1,0,0,0,7,3,750,2,24,4,1,4,5,5,2,1,1.8,1.8,0,1,0,0,0,0,0,1,0
0,1,0,0,0,6,1,250,2,29,3,3,3,3,4,4,3,2.1,2.1022098939499365,0,1,0,0,0,1,0,0,0
1,0,0,0,0,3,1,250,2,22,4,5,2,2,4,5,2,1.4,1.4,1,0,0,0,0,0,1,0,0
1,0,0,1,0,3,1,750,2,26,4,5,3,2,5,5,1,1.8,1.8,0,1,0,0,0,0,1,0,0
1,0,0,0,0,2,1,1250,1,29,2,4,4,2,2,2,5,3.9,2.892740059772756,0,0,1,0,0,1,0,0,0
1,0,0,0,0,5,2,750,2,16,4,4,2,2,4,5,2,1.2,1.2,1,0,0,0,0,0,1,0,0
0,1,0,0,0,4,1,750,1,10,5,2,2,2,2,2,2,1.8,1.2752854085180634,0,1,0,0,0,1,0,0,0
1,1,0,0,0,4,1,1250,1,24,4,4,3,3,2,2,2,3.1,3.1,0,0,1,0,0,0,1,0,0
0,0,0,0,0,3,1,750,2,26,3,3,3,2,5,5,3,1.9,1.522711803936267,0,1,0,0,0,1,0,0,0
0,0,0,0,0,5,1,750,2,14,5,2,2,2,4,4,2,1.0,0.8642922741851863,0,1,0,0,0,1,0,0,0
0,1,0,0,0,5,2,750,2,18,4,3,3,3,4,4,4,1.4,1.4637441101287356,0,1,0,0,0,1,0,0,0
0,1,0,0,0,2,0,750,2,12,5,4,2,2,4,5,2,0.9,0.9,0,0,1,0,0,1,0,0,0
1,0,0,0,0,4,1,250,2,18,3,3,3,3,4,5,3,1.3,1.3,0,1,0,0,0,0,1,0,0
1,0,0,0,0,4,1,750,1,25,4,4,2,2,2,2,2,4.4,3.071089133085131,0,0,1,0,0,0,1,0,0
0,0,0,0,0,6,2,250,1,37,4,2,2,2,2,2,2,8.0,6.311015587573096,1,0,0,0,0,0,1,0,0
0,0,0,0,0,4,1,750,1,31,3,4,3,3,3,3,2,4.6,4.6,0,1,0,0,0,1,0,0,0
1,1,0,0,0,6,1,250,2,6,5,4,2,2,4,4,2,0.7,0.3521374472742201,0,0,0,1,0,1,0,0,0
0,0,0,0,0,3,0,250,2,21,4,3,2,2,4,5,2,1.4,1.1179838349794249,0,1,0,0,0,1,0,0,0
0,1,1,0,0,4,2,1250,2,20,5,5,5,5,5,5,1,1.5,1.0742084265214602,0,0,0,1,0,0,1,0,0
1,1,0,0,0,4,1,750,2,16,5,5,5,3,1,4,5,1.2,1.7656279603623506,0,1,0,0,0,0,1,0,0
0,0,0,0,0,4,1,250,1,38,5,4,3,1,1,3,3,6.9,5.643977111392685,1,0,0,0,0,0,1,0,0
0,1,1,0,0,4,2,1250,0,17,3,4,3,2,2,4,5,10.3,10.3,0,0,1,0,0,1,0,0,0
1,0,0,0,0,3,1,250,1,25,5,4,2,2,2,1,1,3.5,14.230640032324303,1,0,0,0,0,1,0,0,0
0,0,0,1,1,3,0,250,2,16,3,3,3,3,4,5,3,1.2,0.7816168630438881,1,0,0,0,0,0,1,0,0
1,0,0,0,0,5,1,750,2,11,5,3,5,2,5,5,1,0.75,0.627685446769371,0,1,0,0,0,0,0,1,0
1,0,0,0,0,3,0,750,1,21,5,5,4,1,1,1,1,3.3,3.3,0,0,1,0,0,1,0,0,0
0,1,0,1,0,3,2,1750,0,22,4,3,3,3,3,3,3,4.4,3.8463659044139753,0,0,0,1,0,0,1,0,0
0,1,0,0,0,5,1,750,0,12,4,4,5,4,3,3,4,7.1,10.052525279166725,0,0,0,1,0,1,0,0,0
1,1,0,0,0,4,1,750,1,17,3,4,4,2,2,2,4,2.3,1.8736780490163574,0,0,1,0,0,1,0,0,0
1,0,0,0,0,3,1,750,1,25,5,5,3,3,3,3,3,4.1,2.061006986322375,0,0,0,1,0,1,0,0,0
1,1,0,0,0,3,2,750,0,35,4,3,4,4,2,4,4,17.2,11.834862587743629,0,0,0,1,0,1,0,0,0
1,0,0,0,0,5,1,250,1,18,2,5,3,1,3,4,1,3.0,1.7974002733464471,0,1,0,0,0,0,0,1,0
1,0,0,0,0,5,2,250,2,15,5,3,2,4,5,5,2,1.1,0.8586977709584924,1,0,0,0,0,0,1,0,0
1,0,0,0,0,3,0,250,2,12,3,3,3,4,4,5,1,0.85,0.85,1,0,0,0,0,0,0,1,0
0,1,0,0,0,4,1,750,2,11,5,3,2,2,4,4,3,0.9,0.8478359983440592,0,1,0,0,0,0,0,0,1
0,0,0,1,0,6,2,750,2,17,4,3,3,3,4,5,2,1.1,1.3940952037374172,0,1,0,0,0,0,0,0,1
0,0,0,0,0,3,1,250,2,19,3,3,3,4,4,4,3,1.3,1.0819801318860827,1,0,0,0,0,0,0,1,0
1,0,0,0,0,3,0,750,1,28,5,5,2,2,2,2,2,3.7,3.1819809764071976,0,1,0,0,0,1,0,0,0
0,1,1,0,0,2,1,1750,0,15,5,5,3,3,3,3,5,4.5,3.936665369606853,0,1,0,0,0,1,0,0,0
1,1,0,0,0,3,1,750,1,34,4,4,3,3,3,3,5,2.9,2.4967364559001393,0,0,1,0,0,1,0,0,0
1,1,1,0,0,2,2,2250,0,35,5,3,5,1,1,5,5,11.8,7.665098073777316,0,1,0,0,0,1,0,0,0
1,1,0,0,0,4,3,1250,1,35,1,1,2,3,2,1,1,9.1,6.300575120092221,0,1,0,0,0,0,0,0,1
0,1,0,0,0,3,2,1750,0,51,4,5,5,4,4,4,4,29.2,29.2,0,0,0,0,1,1,0,0,0
0,1,0,0,0,3,2,1750,0,49,4,5,4,4,4,4,5,24.3,9.698211168152948,0,0,0,1,0,0,1,0,0
1,0,0,0,0,3,0,250,2,22,2,2,2,4,4,5,2,1.5,1.2006420479968614,1,0,0,0,0,0,0,1,0
0,0,0,0,0,4,1,250,2,12,3,3,3,4,4,4,3,0.85,0.6394757502294484,1,0,0,0,0,0,0,0,1
1,1,0,0,0,4,2,1250,0,39,5,5,5,5,5,5,5,28.2,28.2,0,0,0,0,1,0,0,0,1
1,0,0,0,0,3,1,250,2,21,2,2,2,4,5,5,2,1.3,1.3,1,0,0,0,0,0,0,1,0
1,0,0,0,0,4,1,750,1,51,3,5,5,3,3,3,4,5.5,5.5,0,0,1,0,0,1,0,0,0
0,0,0,0,0,3,0,250,2,10,2,2,2,3,4,4,2,0.75,0.75,1,0,0,0,0,0,0,1,0
1,0,0,0,0,2,0,250,2,15,3,3,3,4,5,5,3,1.0,0.5977199412241077,0,1,0,0,0,0,0,0,1
0,0,0,0,0,4,1,250,2,18,3,3,3,4,5,5,3,1.3,0.933874509857791,1,0,0,0,0,0,0,1,0
1,0,0,0,0,3,1,250,2,10,3,3,3,3,4,5,3,0.9,0.6921035485246776,1,0,0,0,0,0,0,1,0
0,0,0,0,1,3,1,250,2,12,3,3,3,4,4,5,3,1.1,1.1,1,0,0,0,0,0,0,0,1
1,1,0,0,0,3,1,250,2,21,2,4,2,3,4,5,2,1.5,0.9475130799959384,0,1,0,0,0,0,1,0,0
1,0,0,0,0,5,2,250,1,25,3,5,3,3,3,4,3,5.1,5.1,0,1,0,0,0,1,0,0,0
1,1,1,0,1,3,0,250,2,21,5,3,3,4,5,5,2,1.7,1.1995705233569618,0,1,0,0,0,0,0,0,1
1,0,0,0,0,4,2,250,2,25,3,3,3,4,5,4,2,1.8,1.5866105204862995,1,0,0,0,0,0,1,0,0
1,1,0,0,0,4,1,750,1,18,2,5,3,2,2,4,4,3.0,1.9176128509706079,0,0,1,0,0,1,0,0,0
1,1,0,0,0,3,1,250,2,30,3,3,3,3,4,5,3,2.3,1.4898229125993099,0,1,0,0,0,0,1,0,0
1,0,0,0,0,5,2,250,2,20,4,3,3,4,4,4,3,1.1,0.9022498853872734,1,0,0,0,0,0,0,0,1
1,0,0,0,0,4,1,750,1,21,4,5,3,3,3,4,3,4.2,3.6041392785554747,0,0,1,0,0,1,0,0,0
1,0,0,0,1,4,1,250,2,25,1,1,1,4,5,5,3,1.8,1.3728714747892086,1,0,0,0,0,0,1,0,0
1,1,0,0,0,4,1,250,2,12,2,2,2,4,4,4,3,0.9,0.7138642594618103,0,1,0,0,0,0,0,1,0
0,1,0,0,0,3,1,1250,0,9,5,3,5,3,3,3,5,3.2,2.4605762219856615,0,0,1,0,0,1,0,0,0
1,0,0,1,1,3,1,750,1,40,3,5,3,2,2,4,2,5.5,5.5,0,1,0,0,0,1,0,0,0
1,0,0,0,1,5,2,250,2,21,3,3,3,3,4,5,3,1.5,1.1816439511168235,0,1,0,0,0,0,0,1,0
0,0,1,0,1,3,1,250,2,20,3,3,3,3,5,4,3,1.4,1.454925553910945,0,1,0,0,0,0,1,0,0
1,1,0,0,0,5,1,750,1,30,2,5,2,2,2,4,2,5.8,5.8,0,0,1,0,0,1,0,0,0
1,1,0,1,0,1,0,1250,1,30,1,2,1,2,2,4,3,3.6,3.6,0,1,0,0,0,1,0,0,0
1,0,0,1,0,2,0,750,1,33,3,5,3,3,3,5,3,6.5,5.754215260603123,0,0,1,0,0,1,0,0,0
1,1,0,1,0,3,1,750,1,43,1,5,3,2,2,4,2,6.7,8.473306114916712,0,1,0,0,0,1,0,0,0
0,1,1,0,1,4,2,750,2,17,3,3,3,4,4,4,3,1.2,1.1865520208957852,1,0,0,0,0,0,0,1,0
0,1,0,0,0,5,2,1250,0,22,5,3,5,3,3,3,3,19.2,19.2,0,0,0,1,0,1,0,0,0
1,1,0,1,0,3,0,750,1,60,1,5,3,3,3,3,3,13.1,13.1,0,0,0,1,0,1,0,0,0
1,0,0,0,0,6,1,750,2,16,3,3,3,3,4,5,3,1.1,0.8664919956750042,1,0,0,0,0,0,1,0,0
1,1,0,0,0,2,1,750,2,20,3,4,4,3,4,4,5,0.75,0.5860622195803245,0,0,1,0,0,0,1,0,0
1,1,0,0,0,2,2,1250,0,10,4,3,3,3,4,4,4,0.85,0.5475112387710432,0,0,0,1,0,1,0,0,0
0,1,1,0,0,4,2,1250,1,42,2,4,3,4,3,2,2,6.5,6.676418372746418,0,1,0,0,0,0,1,0,0
0,0,0,0,0,3,1,750,2,24,3,3,3,3,5,5,3,1.7,1.6289142371658756,1,0,0,0,0,0,1,0,0
0,0,0,0,1,4,1,250,2,30,1,1,1,4,5,5,1,2.2,2.2,0,1,0,0,0,0,0,1,0
1,1,0,0,1,4,2,750,2,26,3,3,3,3,4,4,5,1.9,1.6605714536936045,0,1,0,0,0,0,1,0,0
1,0,0,1,0,2,0,750,1,25,3,5,3,4,3,4,3,5.0,5.0,0,0,1,0,0,1,0,0,0
1,1,0,0,0,2,0,750,1,48,2,5,2,2,2,4,2,7.2,7.2,0,0,0,1,0,0,1,0,0
0,0,0,0,0,3,0,250,2,37,3,3,3,3,5,4,3,2.8,2.030264781928377,0,1,0,0,0,0,0,0,1
0,1,0,0,0,2,1,1250,1,44,2,5,2,2,2,2,5,8.7,9.571559532716558,0,0,0,0,1,0,1,0,0
0,0,0,1,1,4,2,250,2,22,3,3,3,3,4,5,3,1.5,1.3505935685596104,1,0,0,0,0,0,1,0,0
1,1,0,0,0,3,1,750,1,28,2,5,2,2,2,4,4,4.6,4.6,0,0,1,0,0,1,0,0,0
0,1,0,0,0,3,1,750,2,35,3,4,3,3,5,4,2,2.6,2.6,0,1,0,0,0,0,0,1,0
0,0,0,0,1,5,2,750,2,41,3,3,3,2,5,4,4,3.0,3.1238341173804067,0,1,0,0,0,0,0,0,1
1,1,0,0,0,2,1,750,1,47,2,5,1,2,2,4,4,7.4,6.789076966924307,0,0,0,1,0,1,0,0,0
1,0,0,1,0,4,1,750,1,38,2,5,2,2,2,4,4,5.7,5.7,0,0,1,0,0,1,0,0,0
0,1,0,0,0,4,2,250,2,42,3,4,3,4,4,5,3,3.1,2.487230227087545,0,1,0,0,0,0,1,0,0
0,1,0,0,0,3,1,250,2,23,3,4,2,2,2,4,3,1.7,1.345383252142979,0,1,0,0,0,0,1,0,0
0,1,0,0,0,3,1,750,1,50,2,5,2,2,2,4,5,6.7,6.7,0,1,0,0,0,1,0,0,0
0,0,0,1,1,2,0,750,2,36,3,3,3,4,5,5,3,2.6,2.2704211589794574,0,1,0,0,0,1,0,0,0
0,1,1,0,0,5,2,1250,0,25,5,3,5,3,3,3,4,8.6,7.340255708841578,0,0,1,0,0,1,0,0,0
1,1,0,0,0,4,1,750,1,55,3,5,3,3,3,4,3,9.8,8.616161996508211,0,0,1,0,0,1,0,0,0
1,1,0,0,0,5,1,750,1,51,2,5,2,2,2,4,5,5.5,4.579762231627611,0,1,0,0,0,1,0,0,0
0,1,0,0,1,4,1,750,2,41,3,3,3,4,4,4,3,3.1,3.1,0,1,0,0,0,0,1,0,0
0,1,0,0,0,3,1,1750,0,15,5,3,5,3,3,3,4,5.1,4.319280502119052,0,0,1,0,0,1,0,0,0
1,0,0,0,0,2,0,750,1,55,3,5,3,3,3,4,3,9.7,8.631882837859985,0,0,0,0,1,1,0,0,0
0,1,0,0,0,3,1,250,2,30,3,3,4,4,4,5,3,2.1,2.1,0,1,0,0,0,0,0,1,0
0,1,0,0,0,5,3,1750,0,35,5,3,4,3,3,3,5,10.2,9.03529028080219,0,0,1,0,0,1,0,0,0
0,1,0,0,0,2,0,750,1,53,3,5,2,2,2,3,4,4.9,4.260859609826419,0,0,1,0,0,1,0,0,0
0,1,0,0,0,4,2,1250,0,20,5,2,5,3,3,3,5,6.8,6.071932461889076,0,0,1,0,0,1,0,0,0
0,1,0,0,0,3,1,750,2,40,3,3,4,4,4,5,3,2.8,2.8,1,0,0,0,0,0,1,0,0
1,0,0,1,0,4,1,750,1,52,4,5,3,3,3,4,4,8.0,7.022530432897573,0,1,0,0,0,1,0,0,0
0,1,0,0,0,4,2,1250,0,23,4,3,4,3,3,3,5,7.3,7.3,0,0,0,1,0,0,1,0,0
1,0,0,1,0,2,1,750,1,72,2,4,2,2,2,2,3,9.9,8.40042560004617,0,0,1,0,0,1,0,0,0
0,0,0,0,0,5,1,250,2,34,3,3,3,3,5,4,3,2.5,2.5,1,0,0,0,0,1,0,0,0
0,1,0,0,0,4,1,750,2,27,3,4,3,3,5,4,3,1.9,1.9,0,0,1,0,0,0,1,0,0
1,0,0,1,0,2,0,750,1,50,1,5,1,1,1,1,5,6.7,6.2912849794123575,0,0,1,0,0,1,0,0,0
0,1,0,0,0,4,2,1250,0,18,4,3,4,3,3,3,4,7.7,7.146209589377166,0,1,0,0,0,1,0,0,0
0,1,0,0,0,4,1,750,1,57,3,5,3,3,3,4,5,7.8,7.8,0,1,0,0,0,1,0,0,0
0,1,0,0,0,3,1,750,2,47,4,3,3,4,3,5,3,3.4,2.9629492923747383,0,1,0,0,0,0,1,0,0
1,0,0,1,0,3,1,750,1,25,3,5,3,4,3,3,4,3.3,2.869613700183813,0,0,0,1,0,0,1,0,0
0,1,0,0,0,4,3,1750,0,18,5,3,4,3,3,3,5,9.1,9.1,0,1,0,0,0,1,0,0,0
0,0,0,1,1,4,1,750,1,42,3,5,4,4,3,3,3,6.7,6.05313951454094,1,0,0,0,0,1,0,0,0
1,0,0,1,0,3,0,750,1,35,4,4,3,4,3,3,3,6.0,6.0,0,1,0,0,0,1,0,0,0
0,1,0,1,1,4,2,750,2,46,3,4,3,4,5,5,3,3.3,3.5714622016631057,0,1,0,0,0,1,0,0,0
1,0,0,0,0,4,1,250,2,27,3,3,3,4,4,4,3,2.0,1.8179108060127427,1,0,0,0,0,0,1,0,0
0,1,0,0,0,3,1,750,0,9,4,3,4,3,3,3,5,2.6,2.1701847495706135,0,0,1,0,0,1,0,0,0
1,1,0,0,0,4,2,750,0,14,5,3,3,3,3,3,4,3.5,3.071457619521252,0,0,1,0,0,0,1,0,0
0,1,0,0,1,4,1,750,2,33,3,4,3,3,3,4,4,2.4,2.1039459720400195,0,1,0,0,0,1,0,0,0
0,1,0,0,0,3,1,1250,1,30,4,4,3,4,3,3,4,4.9,4.508160876521295,0,0,0,1,0,1,0,0,0
1,0,0,1,0,4,1,750,1,25,2,4,2,4,2,4,2,4.1,3.5498690766836263,0,1,0,0,0,0,0,0,1
0,0,1,0,0,3,1,750,2,50,3,3,3,3,5,3,3,3.8,3.8,0,1,0,0,0,1,0,0,0
0,1,0,0,0,3,1,1250,0,32,5,3,4,3,3,3,4,10.4,9.362421352731856,0,1,0,0,0,1,0,0,0
0,1,0,0,0,2,0,750,1,53,3,5,3,3,3,3,4,5.6,4.409467091848423,0,0,1,0,0,1,0,0,0
0,1,0,0,0,4,2,1250,2,37,3,4,3,4,4,5,3,2.6,4.831163200755542,0,1,0,0,0,1,0,0,0
0,0,0,1,0,3,1,750,2,50,3,3,3,3,5,5,3,3.4,3.4,1,0,0,0,0,1,0,0,0
1,0,0,1,0,5,2,750,1,25,3,5,3,4,2,2,3,4.8,4.369895682650385,0,0,1,0,0,1,0,0,0
0,0,1,0,0,3,1,750,2,40,3,3,3,3,5,5,3,2.9,5.706309194186086,0,1,0,0,0,1,0,0,0
0,1,1,0,0,4,1,750,2,42,3,4,3,5,5,5,4,2.7,2.38324727070773,0,1,0,0,0,0,1,0,0
0,1,0,0,0,3,1,750,2,30,3,3,3,3,4,4,3,2.2,2.2,0,1,0,0,0,1,0,0,0
0,1,0,0,0,3,1,1250,0,27,5,3,4,3,3,3,3,10.3,10.3,0,0,1,0,0,1,0,0,0
1,1,0,0,0,4,2,1250,0,27,4,3,4,3,3,3,3,11.3,11.3,0,0,1,0,0,0,1,0,0
0,0,0,0,0,4,1,250,1,40,5,5,3,3,3,3,3,6.4,6.4,1,0,0,0,0,0,1,0,0
0,1,0,0,0,3,1,250,2,35,3,4,3,3,5,4,4,2.9,2.9,0,1,0,0,0,1,0,0,0
0,1,0,0,0,4,2,1250,0,33,5,3,4,3,3,3,4,19.8,19.8,0,0,1,0,0,1,0,0,0
1,1,1,0,0,5,2,1250,0,36,4,3,5,3,3,3,5,16.7,15.379515700983537,0,0,0,1,0,1,0,0,0
0,1,0,0,0,3,1,750,0,12,5,3,5,3,3,3,4,9.4,7.895198896251902,0,1,0,0,0,0,1,0,0
1,0,0,1,0,3,1,750,1,50,2,5,2,5,3,3,3,5.8,5.4196401853765215,0,0,1,0,0,0,0,1,0
0,1,0,0,0,2,0,750,1,48,2,4,2,4,2,2,3,7.8,7.016672066366418,0,1,0,0,0,0,1,0,0
0,1,1,0,0,3,1,750,0,20,5,3,3,3,3,3,5,4.9,1.7669589640122012,0,1,0,0,0,1,0,0,0
0,0,0,0,0,2,0,750,1,50,3,5,1,5,1,1,1,5.8,4.788085261502133,0,1,0,0,0,0,1,0,0
0,1,0,0,0,3,2,1250,0,18,5,3,5,3,3,3,3,6.8,6.8,0,1,0,0,0,1,0,0,0
1,0,0,1,0,3,1,750,2,27,3,3,3,3,4,5,3,1.9,1.6157977858111887,1,0,0,0,0,0,0,1,0
0,0,0,0,1,3,1,250,2,30,4,3,3,4,4,4,3,2.2,1.854708468370375,1,0,0,0,0,0,1,0,0
1,0,0,0,0,3,1,750,1,52,2,4,2,4,2,2,2,6.1,5.280952703430583,0,1,0,0,0,0,1,0,0
1,1,0,0,0,4,2,1250,0,27,4,3,4,3,3,3,4,9.6,8.22652744177344,0,0,1,0,0,1,0,0,0
1,1,0,0,0,3,1,750,2,31,3,4,3,3,4,5,4,2.3,1.9980963881636153,0,1,0,0,0,0,0,1,0
1,0,0,1,1,4,1,250,2,33,3,4,3,3,3,5,3,2.4,2.2110109484547515,1,0,0,0,0,0,1,0,0
1,1,0,0,0,3,1,1250,0,21,5,3,4,3,3,3,3,8.7,6.705679061740565,0,1,0,0,0,0,1,0,0
0,1,0,0,0,3,1,750,2,34,3,4,3,3,5,5,5,2.5,2.028382224454813,0,1,0,0,0,1,0,0,0
1,0,0,1,0,2,0,750,1,39,3,5,5,4,3,3,3,4.3,3.5735835257833153,0,1,0,0,0,1,0,0,0
1,0,0,0,0,3,0,750,1,38,4,5,3,5,3,3,3,6.0,5.322792742991965,0,1,0,0,0,0,1,0,0
0,1,1,0,0,4,2,1250,0,18,5,3,5,3,3,3,5,8.6,7.410075701741342,0,0,1,0,0,0,0,1,0
1,1,0,0,0,1,0,750,1,60,3,5,3,5,3,3,3,9.7,8.835484283861797,0,0,0,1,0,0,1,0,0
0,1,0,1,1,3,1,750,2,44,4,3,3,4,5,5,3,3.2,2.680253032154943,0,1,0,0,0,1,0,0,0
1,0,0,0,0,3,0,750,1,18,4,5,3,4,3,3,3,2.2,1.8697626752447278,0,1,0,0,0,0,0,1,0
1,1,0,0,0,3,1,750,1,35,2,5,2,5,2,2,4,4.0,3.406827408468467,0,0,1,0,0,1,0,0,0
